model,optimizer,epoch,train_loss,val_acc_%,epoch_time_sec,cum_time_sec
resnet,adam,1,2.5328390306356003,9.97,26.9808030128479,26.9808030128479
resnet,adam,2,2.135260370312905,41.79,12.961436033248901,39.9422390460968
resnet,adam,3,1.84448512719602,51.17,12.879651069641113,52.821890115737915
resnet,adam,4,1.6993473330322577,56.04,15.066981077194214,67.88887119293213
resnet,adam,5,1.58388386453901,54.7,15.891376972198486,83.78024816513062
resnet,adam,6,1.5049830918409386,63.13,21.228079557418823,105.00832772254944
resnet,adam,7,1.4427901214482832,66.31,25.93914246559143,130.94747018814087
resnet,adam,8,1.3940162342421862,70.97,22.43848729133606,153.38595747947693
resnet,adam,9,1.3516496371249764,72.98,20.47423028945923,173.86018776893616
resnet,adam,10,1.3146043821256987,72.77,27.875950813293457,201.73613858222961
resnet,adam,11,1.2728255573584109,70.34,24.29870629310608,226.0348448753357
resnet,adam,12,1.2388868210267048,71.81,23.694655895233154,249.72950077056885
resnet,adam,13,1.2097971196077308,78.03,19.951897382736206,269.68139815330505
resnet,adam,14,1.187087776709576,75.74,24.594477891921997,294.27587604522705
resnet,adam,15,1.1676855841461493,77.25,24.100109815597534,318.3759858608246
resnet,adam,16,1.142156221428696,82.93,18.975382089614868,337.35136795043945
resnet,adam,17,1.1252648660114832,76.8,25.768767595291138,363.1201355457306
resnet,adam,18,1.1044473112845907,80.92,28.75212574005127,391.87226128578186
resnet,adam,19,1.0876905042297986,82.44,25.182448625564575,417.05470991134644
resnet,adam,20,1.0725496447816187,82.22,26.957822799682617,444.01253271102905
resnet,adam,21,1.051796283040728,83.09,24.45368242263794,468.466215133667
resnet,adam,22,1.0474269414434627,81.76,27.82319450378418,496.2894096374512
resnet,adam,23,1.0308164382467464,85.91,23.48082685470581,519.770236492157
resnet,adam,24,1.0185814572840322,84.79,23.0780029296875,542.8482394218445
resnet,adam,25,1.0116931832566554,85.76,21.091734647750854,563.9399740695953
resnet,adam,26,0.999817140248357,85.96,21.37474036216736,585.3147144317627
resnet,adam,27,0.9931363195789104,87.91,25.663594007492065,610.9783084392548
resnet,adam,28,0.9756556798000725,87.86,25.548269748687744,636.5265781879425
resnet,adam,29,0.9643511711334696,85.29,22.604347467422485,659.130925655365
resnet,adam,30,0.9573748951055565,88.97,21.124470233917236,680.2553958892822
resnet,adam,31,0.9499512801364977,86.78,22.233444929122925,702.4888408184052
resnet,adam,32,0.9416565165227774,87.62,20.860767602920532,723.3496084213257
resnet,adam,33,0.9343924498071476,88.66,21.69203472137451,745.0416431427002
resnet,adam,34,0.9278783129186047,87.51,27.329682111740112,772.3713252544403
resnet,adam,35,0.9206975224066754,89.25,27.288127899169922,799.6594531536102
resnet,adam,36,0.9093424799490948,89.28,24.14932084083557,823.8087739944458
resnet,adam,37,0.9022464958988891,88.78,22.86254358291626,846.6713175773621
resnet,adam,38,0.897323950212829,89.26,29.24006485939026,875.9113824367523
resnet,adam,39,0.8952916228041357,90.06,25.452982425689697,901.364364862442
resnet,adam,40,0.8821243254505858,90.82,24.15230631828308,925.5166711807251
resnet,adam,41,0.8770886829921177,91.09,28.714105129241943,954.230776309967
resnet,adam,42,0.8727708896812127,91.19,25.98195171356201,980.212728023529
resnet,adam,43,0.8705103677146289,90.1,20.218899965286255,1000.4316279888153
resnet,adam,44,0.8650062826215005,91.15,23.96668815612793,1024.3983161449432
resnet,adam,45,0.861716839731956,91.25,21.749403953552246,1046.1477200984955
resnet,adam,46,0.8555675112471288,91.26,26.23739242553711,1072.3851125240326
resnet,adam,47,0.8466206874166217,92.15,25.719021320343018,1098.1041338443756
resnet,adam,48,0.8382864205204711,91.98,22.120924472808838,1120.2250583171844
resnet,adam,49,0.8339984088527913,91.56,27.102797508239746,1147.3278558254242
resnet,adam,50,0.8311897881177007,91.32,24.610779762268066,1171.9386355876923
resnet,adam,51,0.8235795777671191,91.95,23.504279851913452,1195.4429154396057
resnet,adam,52,0.8235461407778214,92.6,25.287611722946167,1220.7305271625519
resnet,adam,53,0.8198239061297202,92.72,24.669023275375366,1245.3995504379272
resnet,adam,54,0.8151965165624813,92.64,24.245877027511597,1269.6454274654388
resnet,adam,55,0.8149564971729201,92.75,21.34844136238098,1290.9938688278198
resnet,adam,56,0.8048200108567063,92.71,23.461809873580933,1314.4556787014008
resnet,adam,57,0.8038922232024523,92.0,23.933619260787964,1338.3892979621887
resnet,adam,58,0.8059285562865588,92.31,22.031232357025146,1360.4205303192139
resnet,adam,59,0.7960308315802593,93.01,24.145018815994263,1384.5655491352081
resnet,adam,60,0.7925710507801601,93.22,25.707566738128662,1410.2731158733368
resnet,adam,61,0.7958279276380733,93.24,22.859596014022827,1433.1327118873596
resnet,adam,62,0.7871949003667248,93.62,16.964438676834106,1450.0971505641937
resnet,adam,63,0.7848999062362982,93.13,22.296045780181885,1472.3931963443756
resnet,adam,64,0.7836964568313287,93.07,26.514397382736206,1498.9075937271118
resnet,adam,65,0.778634537239464,93.21,20.32279324531555,1519.2303869724274
resnet,adam,66,0.7831682100587961,93.44,21.73887062072754,1540.969257593155
resnet,adam,67,0.7757293192707763,93.64,24.544520378112793,1565.5137779712677
resnet,adam,68,0.775025876200929,93.53,20.865664958953857,1586.3794429302216
resnet,adam,69,0.7747091395514352,93.65,23.811633586883545,1610.191076517105
resnet,adam,70,0.7713013522478999,93.72,24.258275985717773,1634.4493525028229
resnet,adam,71,0.7676453201138244,93.74,22.736655235290527,1657.1860077381134
resnet,adam,72,0.7622695565223694,93.75,24.08128309249878,1681.2672908306122
resnet,adam,73,0.7653883756423483,93.8,26.216081142425537,1707.4833719730377
resnet,adam,74,0.7635964045719225,93.82,23.558704376220703,1731.0420763492584
resnet,adam,75,0.7675888355897398,93.84,20.768468856811523,1751.81054520607
resnet,adam,76,0.7622743188118448,93.82,24.323938608169556,1776.1344838142395
resnet,adam,77,0.7624058455837016,93.81,23.920533657073975,1800.0550174713135
resnet,adam,78,0.7612868170348965,93.76,23.664504051208496,1823.719521522522
resnet,adam,79,0.7577693231251775,93.78,22.966916799545288,1846.6864383220673
resnet,adam,80,0.7645726581009067,93.81,24.2787024974823,1870.9651408195496
resnet,dion,1,2.5338478769574846,9.97,46.297964096069336,46.297964096069336
resnet,dion,2,2.1340400807711544,30.47,27.173086166381836,73.47105026245117
resnet,dion,3,1.9333774581247447,44.64,29.325061798095703,102.79611206054688
resnet,dion,4,1.8307731930090456,40.68,30.154529333114624,132.9506413936615
resnet,dion,5,1.7455717154911585,52.71,25.535702228546143,158.48634362220764
resnet,dion,6,1.6845606224877494,50.51,26.02105212211609,184.50739574432373
resnet,dion,7,1.6316792648665759,56.21,23.31588339805603,207.82327914237976
resnet,dion,8,1.5882408789225988,53.41,21.847743034362793,229.67102217674255
resnet,dion,9,1.5506409771588383,56.21,22.72454857826233,252.39557075500488
resnet,dion,10,1.5200568559218426,63.07,19.934979915618896,272.3305506706238
resnet,dion,11,1.4833259996102781,62.44,23.108896255493164,295.43944692611694
resnet,dion,12,1.4620187355547536,59.67,27.34220004081726,322.7816469669342
resnet,dion,13,1.428220347482331,63.58,25.190435647964478,347.9720826148987
resnet,dion,14,1.4057254231705958,58.24,25.34695816040039,373.3190407752991
resnet,dion,15,1.3896929682517538,69.95,24.18453550338745,397.5035762786865
resnet,dion,16,1.3611573759390383,70.96,24.54922866821289,422.0528049468994
resnet,dion,17,1.3424958988111846,62.15,20.33020830154419,442.3830132484436
resnet,dion,18,1.3224880257431342,72.3,25.881511211395264,468.26452445983887
resnet,dion,19,1.309599492014671,69.89,22.318589448928833,490.5831139087677
resnet,dion,20,1.2912825175694056,73.68,23.815748929977417,514.3988628387451
resnet,dion,21,1.2836472160962162,76.46,20.71824359893799,535.1171064376831
resnet,dion,22,1.2649049807567985,68.18,21.2279155254364,556.3450219631195
resnet,dion,23,1.2546240407593396,73.34,21.81726861000061,578.1622905731201
resnet,dion,24,1.24104008869249,73.2,20.78257393836975,598.9448645114899
resnet,dion,25,1.224932244845799,75.38,23.728219032287598,622.6730835437775
resnet,dion,26,1.22236168384552,74.43,21.453020811080933,644.1261043548584
resnet,dion,27,1.2138637352962882,66.99,28.81576704978943,672.9418714046478
resnet,dion,28,1.2030673635249236,75.52,24.63055419921875,697.5724256038666
resnet,dion,29,1.1965583562850952,76.46,24.264111280441284,721.8365368843079
resnet,dion,30,1.1869479417800903,78.15,19.834882974624634,741.6714198589325
resnet,dion,31,1.1719047074415245,80.69,21.098620414733887,762.7700402736664
resnet,dion,32,1.164061419817866,80.65,19.644843339920044,782.4148836135864
resnet,dion,33,1.157056922815284,79.77,25.657490015029907,808.0723736286163
resnet,dion,34,1.154621528119457,80.96,25.060844659805298,833.1332182884216
resnet,dion,35,1.1467852957394657,77.35,20.747093439102173,853.8803117275238
resnet,dion,36,1.1387416805539812,80.7,18.95864224433899,872.8389539718628
resnet,dion,37,1.1310911178588867,82.38,21.494162797927856,894.3331167697906
resnet,dion,38,1.1228806656234118,76.36,20.390764236450195,914.7238810062408
resnet,dion,39,1.1201795363912777,82.28,20.352821588516235,935.0767025947571
resnet,dion,40,1.1133351204346638,82.38,23.561609268188477,958.6383118629456
resnet,dion,41,1.1053514577904526,81.89,18.71960735321045,977.357919216156
resnet,dion,42,1.0967665229524886,82.22,25.632880926132202,1002.9908001422882
resnet,dion,43,1.0956326723098755,82.25,20.81181764602661,1023.8026177883148
resnet,dion,44,1.0877106530325753,84.14,20.415507078170776,1044.2181248664856
resnet,dion,45,1.0868452349487616,78.04,20.255871772766113,1064.4739966392517
resnet,dion,46,1.0814436528147484,80.56,19.37809467315674,1083.8520913124084
resnet,dion,47,1.077467098528025,84.37,21.83954119682312,1105.6916325092316
resnet,dion,48,1.069655917128738,84.26,24.04166865348816,1129.7333011627197
resnet,dion,49,1.0674979297482237,83.9,22.514958143234253,1152.248259305954
resnet,dion,50,1.0618133958505125,84.69,21.98262071609497,1174.230880022049
resnet,dion,51,1.060663870402745,83.99,23.059112548828125,1197.289992570877
resnet,dion,52,1.0596596464818837,83.45,20.089067697525024,1217.379060268402
resnet,dion,53,1.0552625169559402,84.52,21.414095878601074,1238.7931561470032
resnet,dion,54,1.048086193143105,84.63,21.777101039886475,1260.5702571868896
resnet,dion,55,1.0463776685753647,85.94,20.579163074493408,1281.149420261383
resnet,dion,56,1.0471525082782822,86.26,24.127079963684082,1305.2765002250671
resnet,dion,57,1.0394746965291548,85.58,23.44555354118347,1328.7220537662506
resnet,dion,58,1.0355880236139103,85.73,28.16376829147339,1356.885822057724
resnet,dion,59,1.0351465843161758,84.63,30.24374532699585,1387.1295673847198
resnet,dion,60,1.0295618845491994,86.81,19.51137065887451,1406.6409380435944
resnet,dion,61,1.0287780980674588,86.89,19.119696140289307,1425.7606341838837
resnet,dion,62,1.0221922044851341,87.11,24.77983546257019,1450.5404696464539
resnet,dion,63,1.0242737178899803,86.93,24.11711311340332,1474.6575827598572
resnet,dion,64,1.0181270351215286,87.01,21.539073944091797,1496.196656703949
resnet,dion,65,1.0176647597429704,87.45,22.972386598587036,1519.169043302536
resnet,dion,66,1.014589718409947,87.48,20.206375122070312,1539.3754184246063
resnet,dion,67,1.017359439207583,87.21,21.956092596054077,1561.3315110206604
resnet,dion,68,1.011841130499937,87.54,22.054704904556274,1583.3862159252167
resnet,dion,69,1.0155629491319462,87.77,23.8199725151062,1607.2061884403229
resnet,dion,70,1.0111886433192663,87.41,18.204216957092285,1625.4104053974152
resnet,dion,71,1.004734524658748,87.54,19.965271472930908,1645.375676870346
resnet,dion,72,1.0099846611217576,87.6,19.6686954498291,1665.0443723201752
resnet,dion,73,1.0104288422331518,87.69,23.567821502685547,1688.6121938228607
resnet,dion,74,1.0091133275810553,87.65,17.526665925979614,1706.1388597488403
resnet,dion,75,1.004956070257693,87.69,18.828206062316895,1724.9670658111572
resnet,dion,76,1.005895190092982,87.53,20.47045111656189,1745.4375169277191
resnet,dion,77,1.0021999040428473,87.55,16.903151273727417,1762.3406682014465
resnet,dion,78,1.005233188064731,87.52,18.731069803237915,1781.0717380046844
resnet,dion,79,1.0012836809061012,87.55,17.208425283432007,1798.2801632881165
resnet,dion,80,1.0104713330463486,87.63,18.56736922264099,1816.8475325107574
resnet,muon,1,2.532825309403089,9.97,37.31304669380188,37.31304669380188
resnet,muon,2,2.0607846610400142,46.86,21.642107725143433,58.95515441894531
resnet,muon,3,1.7342079172329026,53.88,29.66712188720703,88.62227630615234
resnet,muon,4,1.571406447157568,63.58,32.376424074172974,120.99870038032532
resnet,muon,5,1.457022258213588,54.82,30.126914501190186,151.1256148815155
resnet,muon,6,1.3729441579507322,68.19,35.06216287612915,186.18777775764465
resnet,muon,7,1.3051690471415618,73.03,31.23517155647278,217.42294931411743
resnet,muon,8,1.2700858286448888,73.71,28.9586341381073,246.38158345222473
resnet,muon,9,1.225041272688885,72.98,33.47627878189087,279.8578622341156
resnet,muon,10,1.1915873848662084,73.07,29.31752920150757,309.17539143562317
resnet,muon,11,1.1647435378055184,77.81,30.978333711624146,340.1537251472473
resnet,muon,12,1.1344734284342552,80.3,33.82988882064819,373.9836139678955
resnet,muon,13,1.117432830285053,80.62,33.71460962295532,407.69822359085083
resnet,muon,14,1.1020281801418381,83.58,29.70394539833069,437.4021689891815
resnet,muon,15,1.080040496222827,80.41,29.054226636886597,466.4563956260681
resnet,muon,16,1.0617565549149806,83.54,35.976723432540894,502.433119058609
resnet,muon,17,1.050241152850949,81.98,31.939263582229614,534.3723826408386
resnet,muon,18,1.0305226189749581,86.14,30.37005305290222,564.7424356937408
resnet,muon,19,1.0257325877948684,83.22,34.26365065574646,599.0060863494873
resnet,muon,20,1.0126817846784786,85.13,30.75832772254944,629.7644140720367
resnet,muon,21,0.9925771209658408,86.22,36.72566199302673,666.4900760650635
resnet,muon,22,0.9883700110474412,87.44,29.221562147140503,695.711638212204
resnet,muon,23,0.9806170791995769,86.63,30.95224165916443,726.6638798713684
resnet,muon,24,0.9707385715173216,88.15,38.19569802284241,764.8595778942108
resnet,muon,25,0.958921129606208,86.21,34.65236473083496,799.5119426250458
resnet,muon,26,0.952383276151151,89.16,30.771579027175903,830.2835216522217
resnet,muon,27,0.947711166070432,89.27,34.92317485809326,865.2066965103149
resnet,muon,28,0.9324825977792546,89.29,29.12035059928894,894.3270471096039
resnet,muon,29,0.929708121990671,89.51,28.72551131248474,923.0525584220886
resnet,muon,30,0.9219511650046524,89.18,28.560670614242554,951.6132290363312
resnet,muon,31,0.9093798313822065,88.17,35.40882396697998,987.0220530033112
resnet,muon,32,0.9085571656421739,90.12,31.861809015274048,1018.8838620185852
resnet,muon,33,0.8990759375144024,90.59,26.170732498168945,1045.0545945167542
resnet,muon,34,0.8947455092352263,89.48,37.94443368911743,1082.9990282058716
resnet,muon,35,0.8885502535469678,89.83,30.85921001434326,1113.8582382202148
resnet,muon,36,0.8776165100992942,90.01,29.976939916610718,1143.8351781368256
resnet,muon,37,0.8736370254536064,89.47,34.698660135269165,1178.5338382720947
resnet,muon,38,0.8701284539942838,90.35,33.16187787055969,1211.6957161426544
resnet,muon,39,0.8653987986700875,90.25,29.073315382003784,1240.7690315246582
resnet,muon,40,0.8557278890998996,90.93,27.76289439201355,1268.5319259166718
resnet,muon,41,0.854056715965271,91.7,34.751991748809814,1303.2839176654816
resnet,muon,42,0.8481198987182306,91.76,32.45645999908447,1335.740377664566
resnet,muon,43,0.8458406535946593,91.76,35.72654461860657,1371.4669222831726
resnet,muon,44,0.8428540874500664,91.37,33.81477236747742,1405.28169465065
resnet,muon,45,0.8386783587689303,91.1,29.028780460357666,1434.3104751110077
resnet,muon,46,0.8323576048928865,92.02,36.33964014053345,1470.6501152515411
resnet,muon,47,0.8234823260988507,91.83,31.271289110183716,1501.9214043617249
resnet,muon,48,0.8196661776425888,92.25,27.753524780273438,1529.6749291419983
resnet,muon,49,0.8170278327805656,92.39,36.69195294380188,1566.3668820858002
resnet,muon,50,0.8096679959978376,91.07,32.36843299865723,1598.7353150844574
resnet,muon,51,0.8032893976386712,92.76,31.802121877670288,1630.5374369621277
resnet,muon,52,0.8079346941441906,92.51,33.507091760635376,1664.044528722763
resnet,muon,53,0.8007553414422639,92.43,33.8034873008728,1697.8480160236359
resnet,muon,54,0.7986495920589992,92.91,29.558838605880737,1727.4068546295166
resnet,muon,55,0.7983911840283141,92.89,32.29113578796387,1759.6979904174805
resnet,muon,56,0.7902125850015757,92.77,31.391456365585327,1791.0894467830658
resnet,muon,57,0.7884212051119123,93.3,36.22503590583801,1827.3144826889038
resnet,muon,58,0.7873375756399972,92.96,30.3002507686615,1857.6147334575653
resnet,muon,59,0.7836165817416444,93.39,30.74001908302307,1888.3547525405884
resnet,muon,60,0.7773124952705539,93.55,29.174859762191772,1917.5296123027802
resnet,muon,61,0.7832326560604329,93.65,33.383355140686035,1950.9129674434662
resnet,muon,62,0.7748916088318338,93.74,38.84601092338562,1989.7589783668518
resnet,muon,63,0.7766318564512291,93.48,31.963879346847534,2021.7228577136993
resnet,muon,64,0.7714381655868219,93.74,35.91145467758179,2057.634312391281
resnet,muon,65,0.7662592323458924,93.65,27.709241151809692,2085.343553543091
resnet,muon,66,0.7702695569213556,93.58,29.62716770172119,2114.970721244812
resnet,muon,67,0.7655201116386725,93.59,26.28453540802002,2141.255256652832
resnet,muon,68,0.7646083503353353,93.8,25.97158932685852,2167.2268459796906
resnet,muon,69,0.7626612673000414,93.68,31.320117473602295,2198.546963453293
resnet,muon,70,0.7611124418219741,93.76,31.105357885360718,2229.6523213386536
resnet,muon,71,0.7548617234035414,93.85,24.91914939880371,2254.5714707374573
resnet,muon,72,0.7535785582600808,93.89,28.285015106201172,2282.8564858436584
resnet,muon,73,0.7549699350279204,93.96,28.18480134010315,2311.0412871837616
resnet,muon,74,0.7538424912764101,93.93,24.047702312469482,2335.088989496231
resnet,muon,75,0.7560574898914415,93.94,28.125922441482544,2363.2149119377136
resnet,muon,76,0.7525237531078105,93.96,27.071285247802734,2390.2861971855164
resnet,muon,77,0.7544623455222772,93.87,27.964924097061157,2418.2511212825775
resnet,muon,78,0.7535606938965467,93.86,26.8499276638031,2445.1010489463806
resnet,muon,79,0.7483608710522555,93.88,24.504626274108887,2469.6056752204895
resnet,muon,80,0.7561894837690859,93.87,27.444272756576538,2497.049947977066
resnet,scion,1,2.5338457409216435,9.97,42.82762432098389,42.82762432098389
resnet,scion,2,2.0498526972167346,36.49,25.191855669021606,68.0194799900055
resnet,scion,3,1.7852288752186054,46.38,20.868314504623413,88.8877944946289
resnet,scion,4,1.6291477899162137,56.92,22.094465970993042,110.98226046562195
resnet,scion,5,1.515236421507232,60.53,19.583574771881104,130.56583523750305
resnet,scion,6,1.4297952116752157,68.5,21.374651432037354,151.9404866695404
resnet,scion,7,1.3622469074872074,71.92,25.431573390960693,177.3720600605011
resnet,scion,8,1.3106384520628014,75.29,19.582239866256714,196.9542999267578
resnet,scion,9,1.2536469478996433,70.41,19.188642263412476,216.1429421901703
resnet,scion,10,1.227869223575203,76.2,21.182234525680542,237.32517671585083
resnet,scion,11,1.1950567060587358,79.36,19.10974669456482,256.43492341041565
resnet,scion,12,1.159797417874239,77.62,21.361162900924683,277.79608631134033
resnet,scion,13,1.140769287031524,80.27,21.330650806427002,299.12673711776733
resnet,scion,14,1.1156406232288905,80.1,21.8645658493042,320.99130296707153
resnet,scion,15,1.10308212163497,81.62,22.877376556396484,343.868679523468
resnet,scion,16,1.0774788515908378,83.24,29.046185970306396,372.9148654937744
resnet,scion,17,1.0643136282356418,83.16,21.44463348388672,394.35949897766113
resnet,scion,18,1.0447366091669823,81.96,19.541961193084717,413.90146017074585
resnet,scion,19,1.0359691442275534,82.29,19.64491868019104,433.5463788509369
resnet,scion,20,1.0237007384397545,84.44,22.988401174545288,456.5347800254822
resnet,scion,21,1.0129189941347863,84.56,22.00563931465149,478.54041934013367
resnet,scion,22,0.9955546186894787,86.83,20.699408292770386,499.23982763290405
resnet,scion,23,0.9929147958755493,87.25,19.408567190170288,518.6483948230743
resnet,scion,24,0.9801128190390918,87.7,18.76264786720276,537.4110426902771
resnet,scion,25,0.9682839111405976,87.51,21.24242854118347,558.6534712314606
resnet,scion,26,0.9648894448669589,87.54,19.236307859420776,577.8897790908813
resnet,scion,27,0.9551529531576195,87.77,20.591724157333374,598.4815032482147
resnet,scion,28,0.9444222815182745,86.39,24.074527740478516,622.5560309886932
resnet,scion,29,0.9376886669470339,87.39,25.852452754974365,648.4084837436676
resnet,scion,30,0.9310494941108081,87.7,26.024828672409058,674.4333124160767
resnet,scion,31,0.9167123692376273,89.15,21.74168586730957,696.1749982833862
resnet,scion,32,0.9099506589831138,89.2,22.930347442626953,719.1053457260132
resnet,scion,33,0.9058616270824354,89.66,19.329049825668335,738.4343955516815
resnet,scion,34,0.9017345053809029,84.3,19.218798637390137,757.6531941890717
resnet,scion,35,0.8926269898609239,90.41,19.425941467285156,777.0791356563568
resnet,scion,36,0.8845702798999086,90.57,20.436922073364258,797.5160577297211
resnet,scion,37,0.8821363911336783,89.81,20.40561008453369,817.9216678142548
resnet,scion,38,0.872491826816481,90.92,20.37247109413147,838.2941389083862
resnet,scion,39,0.867884424267983,89.41,20.32655096054077,858.620689868927
resnet,scion,40,0.864895583415518,91.38,22.634077548980713,881.2547674179077
resnet,scion,41,0.853829067580554,90.65,21.396674394607544,902.6514418125153
resnet,scion,42,0.8505161526251812,91.9,19.521966695785522,922.1734085083008
resnet,scion,43,0.8445770497224769,91.47,25.615524768829346,947.7889332771301
resnet,scion,44,0.8427989434222786,91.34,28.052778244018555,975.8417115211487
resnet,scion,45,0.8370357034157734,91.95,21.23460292816162,997.0763144493103
resnet,scion,46,0.8338451713931804,91.59,20.60330367088318,1017.6796181201935
resnet,scion,47,0.8271012817110334,91.62,23.087130546569824,1040.7667486667633
resnet,scion,48,0.8163130161713581,92.15,19.560184717178345,1060.3269333839417
resnet,scion,49,0.8149304365625187,92.88,18.049975156784058,1078.3769085407257
resnet,scion,50,0.8088632992335728,91.63,17.770657539367676,1096.1475660800934
resnet,scion,51,0.8106285163334438,92.44,15.083365201950073,1111.2309312820435
resnet,scion,52,0.8097176442340929,92.44,22.338078022003174,1133.5690093040466
resnet,scion,53,0.8010643501670993,91.61,17.57980442047119,1151.1488137245178
resnet,scion,54,0.7984277362726173,92.74,15.979593753814697,1167.1284074783325
resnet,scion,55,0.7919124085076001,92.72,16.436399459838867,1183.5648069381714
resnet,scion,56,0.7954626423971993,93.42,14.74759578704834,1198.3124027252197
resnet,scion,57,0.7856054439836618,93.32,15.939245223999023,1214.2516479492188
resnet,scion,58,0.783167128660241,93.69,14.36397910118103,1228.6156270503998
resnet,scion,59,0.7765443689969121,93.44,16.382120847702026,1244.9977478981018
resnet,scion,60,0.7747790448519648,93.53,14.984615087509155,1259.982362985611
resnet,scion,61,0.7736201395793837,93.43,14.225818395614624,1274.2081813812256
resnet,scion,62,0.7694921116439664,94.03,14.308851957321167,1288.5170333385468
resnet,scion,63,0.7702498302167776,93.63,13.423463344573975,1301.9404966831207
resnet,scion,64,0.7636588106350023,93.77,14.543700218200684,1316.4841969013214
resnet,scion,65,0.7621402193088921,94.01,13.585272312164307,1330.0694692134857
resnet,scion,66,0.7563159100863398,93.79,15.48997163772583,1345.5594408512115
resnet,scion,67,0.7581834999882445,93.95,13.99276351928711,1359.5522043704987
resnet,scion,68,0.7558934639911262,94.06,13.69849967956543,1373.250704050064
resnet,scion,69,0.7595597736689509,94.14,14.979809284210205,1388.2305133342743
resnet,scion,70,0.7516766750082677,94.05,14.028204917907715,1402.258718252182
resnet,scion,71,0.7460098096302578,94.24,13.868261337280273,1416.1269795894623
resnet,scion,72,0.7538188282324343,94.16,13.250141382217407,1429.3771209716797
resnet,scion,73,0.7488278697948066,94.09,14.376958131790161,1443.7540791034698
resnet,scion,74,0.7566936745935556,94.08,13.54406476020813,1457.298143863678
resnet,scion,75,0.748565288222566,94.27,14.943382740020752,1472.2415266036987
resnet,scion,76,0.7482659135546003,94.14,14.085575103759766,1486.3271017074585
resnet,scion,77,0.740637617451804,94.23,16.196128606796265,1502.5232303142548
resnet,scion,78,0.7472904361024195,94.24,14.03659701347351,1516.5598273277283
resnet,scion,79,0.7468472269116616,94.18,14.154029607772827,1530.713856935501
resnet,scion,80,0.7508592702904526,94.23,13.858962059020996,1544.572818994522
vit,adam,1,3.413118737084525,9.27,22.352652311325073,22.352652311325073
vit,adam,2,2.3773814804699955,25.54,24.232019186019897,46.58467149734497
vit,adam,3,2.0757068249644064,35.97,23.072792530059814,69.65746402740479
vit,adam,4,1.9789100934048087,41.61,22.598618984222412,92.2560830116272
vit,adam,5,1.8958221941578144,47.75,28.165255784988403,120.4213387966156
vit,adam,6,1.8286098339119736,51.37,23.599543571472168,144.02088236808777
vit,adam,7,1.783214970510833,53.51,22.849529504776,166.87041187286377
vit,adam,8,1.7479643359476207,54.92,19.217145681381226,186.087557554245
vit,adam,9,1.7124455631995688,56.94,23.681248664855957,209.76880621910095
vit,adam,10,1.697775514758363,57.83,23.05733585357666,232.8261420726776
vit,adam,11,1.6638768035538343,59.23,18.182182788848877,251.0083248615265
vit,adam,12,1.6426608124557807,59.66,22.70044779777527,273.70877265930176
vit,adam,13,1.6215757520831362,60.37,23.93169355392456,297.6404662132263
vit,adam,14,1.5961758457884496,62.26,21.547631978988647,319.18809819221497
vit,adam,15,1.5787679005642326,62.85,20.703323364257812,339.8914215564728
vit,adam,16,1.5695008720670427,64.25,25.43052577972412,365.3219473361969
vit,adam,17,1.5516445880033531,65.95,23.06084156036377,388.38278889656067
vit,adam,18,1.5300023312471351,66.06,23.338805198669434,411.7215940952301
vit,adam,19,1.5135185402266833,66.98,22.56404709815979,434.2856411933899
vit,adam,20,1.5006282743142576,65.35,22.895552158355713,457.1811933517456
vit,adam,21,1.49344252566902,67.4,21.172518491744995,478.3537118434906
vit,adam,22,1.481917906780632,68.18,24.60052514076233,502.95423698425293
vit,adam,23,1.4655031574015716,69.35,26.938403367996216,529.8926403522491
vit,adam,24,1.4477017023125474,70.83,25.68036437034607,555.5730047225952
vit,adam,25,1.4329779002131249,70.9,20.97654628753662,576.5495510101318
vit,adam,26,1.4213088483226544,72.08,28.111054182052612,604.6606051921844
vit,adam,27,1.4148476537393064,71.27,22.737183332443237,627.3977885246277
vit,adam,28,1.4106902662588625,72.2,22.134567737579346,649.532356262207
vit,adam,29,1.393205856790348,72.43,18.682719945907593,668.2150762081146
vit,adam,30,1.3813472621294918,73.41,24.196981191635132,692.4120573997498
vit,adam,31,1.3739048193912118,73.51,32.27171063423157,724.6837680339813
vit,adam,32,1.3618294462865712,73.32,21.739034175872803,746.4228022098541
vit,adam,33,1.3552494413998661,74.55,22.968817949295044,769.3916201591492
vit,adam,34,1.3466172096680622,75.21,21.071019887924194,790.4626400470734
vit,adam,35,1.3315265665248948,75.57,23.88971757888794,814.3523576259613
vit,adam,36,1.32620649191798,75.28,23.14485812187195,837.4972157478333
vit,adam,37,1.3228387905626882,75.26,20.26881432533264,857.7660300731659
vit,adam,38,1.305640950494883,76.01,23.686041116714478,881.4520711898804
vit,adam,39,1.3103688760679595,75.57,25.012161016464233,906.4642322063446
vit,adam,40,1.29779906662143,76.28,19.82714557647705,926.2913777828217
vit,adam,41,1.2881399271439533,76.42,23.420424461364746,949.7118022441864
vit,adam,42,1.2807410347218415,77.09,22.729138612747192,972.4409408569336
vit,adam,43,1.2720471669216544,77.78,22.097113370895386,994.538054227829
vit,adam,44,1.2678330966404505,78.17,22.11860489845276,1016.6566591262817
vit,adam,45,1.2630954469953264,78.53,21.124515533447266,1037.781174659729
vit,adam,46,1.2503196852547782,78.37,25.64014768600464,1063.4213223457336
vit,adam,47,1.2482627362621075,78.44,23.85772466659546,1087.279047012329
vit,adam,48,1.2403801971552324,78.68,20.545639514923096,1107.8246865272522
vit,adam,49,1.2360067197254725,79.5,21.844759225845337,1129.6694457530975
vit,adam,50,1.22756890374787,78.85,19.448328256607056,1149.1177740097046
vit,adam,51,1.224289052340449,79.75,33.78271484375,1182.9004888534546
vit,adam,52,1.214379064890803,79.55,23.483553409576416,1206.384042263031
vit,adam,53,1.2150441359500497,80.0,24.705941915512085,1231.089984178543
vit,adam,54,1.2039335917453378,80.33,22.510649919509888,1253.600634098053
vit,adam,55,1.2084006314374962,79.84,21.487937450408936,1275.088571548462
vit,adam,56,1.192010378351017,80.57,21.67154574394226,1296.7601172924042
vit,adam,57,1.1996304648263114,80.78,26.65343189239502,1323.4135491847992
vit,adam,58,1.1854843679739504,80.69,20.836045026779175,1344.2495942115784
vit,adam,59,1.186890543723593,80.91,18.35429310798645,1362.6038873195648
vit,adam,60,1.1821518260605481,81.36,20.69889998435974,1383.3027873039246
vit,adam,61,1.1748211335162728,81.25,23.423507690429688,1406.7262949943542
vit,adam,62,1.1716536940360556,81.63,26.083784103393555,1432.8100790977478
vit,adam,63,1.1678544355898488,81.39,17.84744954109192,1450.6575286388397
vit,adam,64,1.1655025068594485,81.48,21.920762538909912,1472.5782911777496
vit,adam,65,1.1607631785529,81.18,20.375608444213867,1492.9538996219635
vit,adam,66,1.160730065131674,81.56,20.72767996788025,1513.6815795898438
vit,adam,67,1.1578441906948478,81.7,22.228365659713745,1535.9099452495575
vit,adam,68,1.156772418897979,81.77,27.86887288093567,1563.7788181304932
vit,adam,69,1.1530895427781709,81.83,26.296239614486694,1590.0750577449799
vit,adam,70,1.1499609338993928,81.94,24.449196338653564,1614.5242540836334
vit,adam,71,1.1469210945830053,81.82,23.320862293243408,1637.8451163768768
vit,adam,72,1.1494598923897257,81.69,22.628442525863647,1660.4735589027405
vit,adam,73,1.1419063271308432,81.98,21.773964643478394,1682.2475235462189
vit,adam,74,1.1436146789667558,82.09,18.05704927444458,1700.3045728206635
vit,adam,75,1.1426898532984209,82.11,22.534651279449463,1722.839224100113
vit,adam,76,1.135580758659207,82.12,27.424579858779907,1750.2638039588928
vit,adam,77,1.1396692529016612,82.18,25.17781352996826,1775.441617488861
vit,adam,78,1.1414958579199654,82.12,20.24204134941101,1795.683658838272
vit,adam,79,1.141516629530459,82.17,23.821012496948242,1819.5046713352203
vit,adam,80,1.1374229046763207,82.15,23.120243310928345,1842.6249146461487
vit,dion,1,3.4124559285689373,9.27,29.286194324493408,29.286194324493408
vit,dion,2,2.3219124930245534,27.4,27.577666759490967,56.863861083984375
vit,dion,3,2.143344752642573,29.03,27.310256004333496,84.17411708831787
vit,dion,4,2.078047124706969,32.52,23.236141443252563,107.41025853157043
vit,dion,5,2.031960375454961,36.18,20.100868463516235,127.51112699508667
vit,dion,6,1.9961869254404185,37.55,21.690058946609497,149.20118594169617
vit,dion,7,1.9706055412487107,41.07,20.29344916343689,169.49463510513306
vit,dion,8,1.944243311882019,40.97,20.310262441635132,189.8048975467682
vit,dion,9,1.9220753981142629,43.53,21.10903310775757,210.91393065452576
vit,dion,10,1.9081800446218373,43.31,19.237379550933838,230.1513102054596
vit,dion,11,1.8895987199277293,44.72,20.70823836326599,250.8595485687256
vit,dion,12,1.872598572653167,45.82,24.01531744003296,274.87486600875854
vit,dion,13,1.8560733211283782,44.89,20.799493312835693,295.67435932159424
vit,dion,14,1.8458541534384902,44.83,20.24160099029541,315.91596031188965
vit,dion,15,1.8311023979770893,44.87,21.434701442718506,337.35066175460815
vit,dion,16,1.8212089927829043,48.08,21.474797248840332,358.8254590034485
vit,dion,17,1.8068811771821003,48.52,20.16961646080017,378.99507546424866
vit,dion,18,1.7919790647467788,50.47,19.895896673202515,398.8909721374512
vit,dion,19,1.7932062927557497,50.08,19.469255924224854,418.360228061676
vit,dion,20,1.7813110400219352,49.92,18.72531294822693,437.08554100990295
vit,dion,21,1.7702470312313157,48.02,21.765568494796753,458.8511095046997
vit,dion,22,1.7643515406822672,49.58,16.42961812019348,475.2807276248932
vit,dion,23,1.7549302067075456,49.77,19.112533569335938,494.3932611942291
vit,dion,24,1.7498666461633177,52.98,22.156491994857788,516.5497531890869
vit,dion,25,1.7375660526509187,52.17,18.88878035545349,535.4385335445404
vit,dion,26,1.7288633706618328,54.69,17.161295652389526,552.5998291969299
vit,dion,27,1.7254568216752033,51.41,19.14277696609497,571.7426061630249
vit,dion,28,1.7129701984171966,53.91,18.574151754379272,590.3167579174042
vit,dion,29,1.7052880720216401,54.02,23.126194715499878,613.442952632904
vit,dion,30,1.7027908612270743,55.42,20.23985457420349,633.6828072071075
vit,dion,31,1.692802721140336,53.94,24.570526361465454,658.253333568573
vit,dion,32,1.6886129063002917,55.29,21.124624490737915,679.3779580593109
vit,dion,33,1.6846216965694816,55.04,17.2412052154541,696.619163274765
vit,dion,34,1.6759350591776323,56.1,21.93917679786682,718.5583400726318
vit,dion,35,1.670617208188894,56.55,20.429096221923828,738.9874362945557
vit,dion,36,1.662801810673305,56.0,20.267578840255737,759.2550151348114
vit,dion,37,1.6600268398012434,56.41,23.962215185165405,783.2172303199768
vit,dion,38,1.6550986377560362,55.99,20.305495023727417,803.5227253437042
vit,dion,39,1.6474297679200465,56.16,19.610817193984985,823.1335425376892
vit,dion,40,1.6457198614976845,57.83,20.54011106491089,843.6736536026001
vit,dion,41,1.63918644554761,56.94,17.390442609786987,861.0640962123871
vit,dion,42,1.6330697706767492,57.74,20.28507089614868,881.3491671085358
vit,dion,43,1.6289449565264644,58.11,21.743576288223267,903.092743396759
vit,dion,44,1.6251061327603398,57.92,19.983285188674927,923.076028585434
vit,dion,45,1.6215773164009561,57.97,23.263863801956177,946.3398923873901
vit,dion,46,1.6214025774780585,58.67,23.3465793132782,969.6864717006683
vit,dion,47,1.6126453487240537,59.31,18.167583465576172,987.8540551662445
vit,dion,48,1.6091507138038168,59.17,20.329059839248657,1008.1831150054932
vit,dion,49,1.606380608617043,59.81,18.285969257354736,1026.469084262848
vit,dion,50,1.6023865378632838,59.71,19.279802560806274,1045.7488868236542
vit,dion,51,1.5939134529658727,60.18,20.142641067504883,1065.891527891159
vit,dion,52,1.5940330855700435,59.91,20.327348947525024,1086.218876838684
vit,dion,53,1.587366306051916,60.37,18.6379873752594,1104.8568642139435
vit,dion,54,1.585508942604065,60.89,18.49637722969055,1123.353241443634
vit,dion,55,1.5806364356255045,60.04,18.207341194152832,1141.5605826377869
vit,dion,56,1.578228001691857,60.61,20.144073247909546,1161.7046558856964
vit,dion,57,1.576311442316795,61.08,19.47352123260498,1181.1781771183014
vit,dion,58,1.572516419449631,60.99,18.34834909439087,1199.5265262126923
vit,dion,59,1.576206839814478,61.05,21.632465362548828,1221.158991575241
vit,dion,60,1.571181803333516,61.28,17.858447790145874,1239.017439365387
vit,dion,61,1.5659014643455038,60.97,23.19615364074707,1262.213593006134
vit,dion,62,1.5665648348477421,61.54,20.489997625350952,1282.703590631485
vit,dion,63,1.5635680203535118,61.69,20.156283617019653,1302.8598742485046
vit,dion,64,1.5572119075424817,61.34,22.508710622787476,1325.3685848712921
vit,dion,65,1.5621463984859234,62.14,19.397980451583862,1344.766565322876
vit,dion,66,1.5624715989949751,61.9,18.348366022109985,1363.114931344986
vit,dion,67,1.5595138291923367,61.81,19.476178646087646,1382.5911099910736
vit,dion,68,1.5566821706538299,61.98,20.190293788909912,1402.7814037799835
vit,dion,69,1.5525618888893906,61.77,18.94080400466919,1421.7222077846527
vit,dion,70,1.5528117053362789,62.33,19.192911624908447,1440.9151194095612
vit,dion,71,1.551692678003895,62.1,22.295777082443237,1463.2108964920044
vit,dion,72,1.549565840740593,62.14,19.19613480567932,1482.4070312976837
vit,dion,73,1.5474758318492345,62.16,20.95143723487854,1503.3584685325623
vit,dion,74,1.5512966793410632,62.36,19.432862997055054,1522.7913315296173
vit,dion,75,1.5488009063565,62.33,22.368770360946655,1545.160101890564
vit,dion,76,1.5508736542293005,62.26,23.273601055145264,1568.4337029457092
vit,dion,77,1.5503779820033483,62.31,19.992005348205566,1588.4257082939148
vit,dion,78,1.5479289244632333,62.42,18.17873525619507,1606.6044435501099
vit,dion,79,1.546691962650844,62.38,21.67742347717285,1628.2818670272827
vit,dion,80,1.5491423071647177,62.33,16.441985607147217,1644.72385263443
vit,muon,1,3.4131163431673635,9.27,33.42768406867981,33.42768406867981
vit,muon,2,2.316324438367571,29.02,22.651673793792725,56.079357862472534
vit,muon,3,2.0852107807081572,33.74,22.911529064178467,78.990886926651
vit,muon,4,2.027247898432673,36.69,25.324822902679443,104.31570982933044
vit,muon,5,1.9625488471011727,41.58,24.164472579956055,128.4801824092865
vit,muon,6,1.9101776103584134,43.19,23.96245789527893,152.44264030456543
vit,muon,7,1.8855305812796768,45.3,22.376181840896606,174.81882214546204
vit,muon,8,1.8456903550089623,47.41,22.3279812335968,197.14680337905884
vit,muon,9,1.8253350890412623,46.96,24.164653062820435,221.31145644187927
vit,muon,10,1.8121764903165856,50.21,25.25083875656128,246.56229519844055
vit,muon,11,1.7812168622503475,51.2,22.519054889678955,269.0813500881195
vit,muon,12,1.7627602329059524,50.45,24.5671706199646,293.6485207080841
vit,muon,13,1.7499246062064657,51.91,26.35265302658081,320.0011737346649
vit,muon,14,1.7277857746396745,52.9,28.634461164474487,348.6356348991394
vit,muon,15,1.7183768870879192,54.25,24.072278022766113,372.7079129219055
vit,muon,16,1.7018415976543815,54.09,26.531708002090454,399.239620923996
vit,muon,17,1.6913826781876233,56.52,21.6317036151886,420.87132453918457
vit,muon,18,1.6729259977535325,57.19,25.526527643203735,446.3978521823883
vit,muon,19,1.660363929612296,56.59,23.820132732391357,470.21798491477966
vit,muon,20,1.6506861934856492,57.68,21.1763813495636,491.39436626434326
vit,muon,21,1.6378443873658473,58.54,22.561526775360107,513.9558930397034
vit,muon,22,1.6291879658796349,58.87,26.83895206451416,540.7948451042175
vit,muon,23,1.621647048969658,60.12,23.127723932266235,563.9225690364838
vit,muon,24,1.6084543004327891,60.44,24.666666507720947,588.5892355442047
vit,muon,25,1.5882434163774763,59.32,23.119005918502808,611.7082414627075
vit,muon,26,1.583892323532883,61.55,26.882777214050293,638.5910186767578
vit,muon,27,1.5707655926139987,62.26,28.357458353042603,666.9484770298004
vit,muon,28,1.5630709224817705,63.46,30.26101517677307,697.2094922065735
vit,muon,29,1.5531819888523646,63.18,25.766756057739258,722.9762482643127
vit,muon,30,1.5439498473186881,64.13,25.909406900405884,748.8856551647186
vit,muon,31,1.5328001757057346,65.29,28.289475679397583,777.1751308441162
vit,muon,32,1.5260106081865272,65.2,22.631375074386597,799.8065059185028
vit,muon,33,1.5219197078626983,65.65,21.679543495178223,821.486049413681
vit,muon,34,1.5085111832132145,67.03,21.537919521331787,843.0239689350128
vit,muon,35,1.5044536249978202,67.05,24.828471660614014,867.8524405956268
vit,muon,36,1.496490656113138,67.02,24.288817405700684,892.1412580013275
vit,muon,37,1.491805193375568,67.19,24.200228452682495,916.34148645401
vit,muon,38,1.4824507747377669,68.17,23.41094946861267,939.7524359226227
vit,muon,39,1.481156628959033,67.86,22.647590398788452,962.4000263214111
vit,muon,40,1.4685991929501903,68.77,26.4010009765625,988.8010272979736
vit,muon,41,1.469244054385594,68.78,25.282676219940186,1014.0837035179138
vit,muon,42,1.4557881939167878,68.54,26.767848014831543,1040.8515515327454
vit,muon,43,1.4531587386617855,70.1,25.446584939956665,1066.298136472702
vit,muon,44,1.4488022327423096,69.64,25.66950011253357,1091.9676365852356
vit,muon,45,1.448341659137181,69.87,24.651399850845337,1116.619036436081
vit,muon,46,1.4359269969317379,70.5,24.307349920272827,1140.9263863563538
vit,muon,47,1.4292266028267997,70.93,25.555611610412598,1166.4819979667664
vit,muon,48,1.4247095828153649,71.56,22.66707491874695,1189.1490728855133
vit,muon,49,1.4193591730935233,71.19,27.936820030212402,1217.0858929157257
vit,muon,50,1.4171811974778468,72.24,20.916184902191162,1238.0020778179169
vit,muon,51,1.4101501070723241,71.61,22.792951583862305,1260.7950294017792
vit,muon,52,1.4015331876521209,72.01,27.001822471618652,1287.7968518733978
vit,muon,53,1.4005709035055978,71.97,25.126113414764404,1312.9229652881622
vit,muon,54,1.3943546329225813,72.76,19.553407430648804,1332.476372718811
vit,muon,55,1.395987841547752,73.04,18.60168147087097,1351.078054189682
vit,muon,56,1.3845498440217,72.41,25.253817558288574,1376.3318717479706
vit,muon,57,1.39166644398047,72.91,29.54288625717163,1405.8747580051422
vit,muon,58,1.376138611715667,73.47,18.194773197174072,1424.0695312023163
vit,muon,59,1.381260769707816,73.37,25.18425226211548,1449.2537834644318
vit,muon,60,1.3719575867360951,74.03,23.184277057647705,1472.4380605220795
vit,muon,61,1.3716240026512925,73.99,19.182370901107788,1491.6204314231873
vit,muon,62,1.3655678301441425,73.89,25.43792986869812,1517.0583612918854
vit,muon,63,1.3632633978006792,73.67,29.147619247436523,1546.205980539322
vit,muon,64,1.3620235141442747,74.15,26.903188228607178,1573.109168767929
vit,muon,65,1.360201774811258,73.9,27.896293878555298,1601.0054626464844
vit,muon,66,1.3559259857450212,74.02,23.603602409362793,1624.6090650558472
vit,muon,67,1.3555406405001271,74.45,22.53547191619873,1647.144536972046
vit,muon,68,1.350056336850536,74.42,25.50470781326294,1672.6492447853088
vit,muon,69,1.3478700847041851,74.88,27.927114248275757,1700.5763590335846
vit,muon,70,1.348387443289465,74.74,24.290376663208008,1724.8667356967926
vit,muon,71,1.3453305010892906,74.86,26.985252380371094,1751.8519880771637
vit,muon,72,1.348894858846859,74.8,22.30084753036499,1774.1528356075287
vit,muon,73,1.3428987824186986,75.06,25.550078630447388,1799.702914237976
vit,muon,74,1.346895920987032,74.98,21.699102640151978,1821.402016878128
vit,muon,75,1.3401641115850331,75.18,19.545004844665527,1840.9470217227936
vit,muon,76,1.3442653271616722,75.18,25.489891529083252,1866.4369132518768
vit,muon,77,1.3399745761131754,75.25,31.51024627685547,1897.9471595287323
vit,muon,78,1.3410024667272762,75.36,25.970826864242554,1923.9179863929749
vit,muon,79,1.3449907424498577,75.29,25.04892373085022,1948.966910123825
vit,muon,80,1.3402378437470417,75.27,25.020073652267456,1973.9869837760925
vit,scion,1,3.412795232266796,9.27,15.89525032043457,15.89525032043457
vit,scion,2,2.4321839760760873,27.02,14.605722427368164,30.500972747802734
vit,scion,3,2.1115626218367596,31.83,14.045030117034912,44.54600286483765
vit,scion,4,2.002867783818926,39.37,14.562868118286133,59.10887098312378
vit,scion,5,1.9287345433721736,42.6,11.98558759689331,71.09445858001709
vit,scion,6,1.879315466296916,46.36,13.994336366653442,85.08879494667053
vit,scion,7,1.8509734260792634,45.99,13.806912660598755,98.89570760726929
vit,scion,8,1.8218980784318886,49.17,14.268019437789917,113.1637270450592
vit,scion,9,1.7866084794608914,51.36,15.009320974349976,128.17304801940918
vit,scion,10,1.7699507839825688,51.04,14.079171895980835,142.25221991539001
vit,scion,11,1.7399387602903404,54.27,21.46251153945923,163.71473145484924
vit,scion,12,1.7116703257268788,54.58,16.600929498672485,180.31566095352173
vit,scion,13,1.702752059819747,55.67,13.699374914169312,194.01503586769104
vit,scion,14,1.6777577424535945,56.82,15.519346952438354,209.5343828201294
vit,scion,15,1.6662424729794871,57.99,12.459504127502441,221.99388694763184
vit,scion,16,1.6498502152306693,59.12,13.598483562469482,235.59237051010132
vit,scion,17,1.633845287926343,60.09,13.820963144302368,249.4133336544037
vit,scion,18,1.6142904588154383,59.14,14.157549381256104,263.5708830356598
vit,scion,19,1.6081483437090505,60.36,16.006195068359375,279.57707810401917
vit,scion,20,1.5952130896704537,58.78,12.051349878311157,291.6284279823303
vit,scion,21,1.5868299202043183,61.06,13.747472524642944,305.37590050697327
vit,scion,22,1.5743421291818425,62.82,13.569610357284546,318.9455108642578
vit,scion,23,1.5612695922656936,62.46,15.4313325881958,334.3768434524536
vit,scion,24,1.5602322111324387,65.15,13.412538528442383,347.789381980896
vit,scion,25,1.5391992476521705,64.84,12.823402881622314,360.6127848625183
vit,scion,26,1.526575241770063,65.2,13.961700916290283,374.5744857788086
vit,scion,27,1.516724365098136,64.18,13.121949195861816,387.6964349746704
vit,scion,28,1.506686614484203,65.88,14.686316967010498,402.3827519416809
vit,scion,29,1.496657371520996,66.82,12.265033483505249,414.64778542518616
vit,scion,30,1.4840038674218314,68.18,13.579975843429565,428.2277612686157
vit,scion,31,1.4724070441966155,68.36,13.199290752410889,441.4270520210266
vit,scion,32,1.4649542180859312,67.69,13.958106994628906,455.3851590156555
vit,scion,33,1.4535646608897619,68.26,12.11411166191101,467.4992706775665
vit,scion,34,1.4472280205512533,69.6,14.238883018493652,481.7381536960602
vit,scion,35,1.4403246641159058,70.51,14.135934352874756,495.87408804893494
vit,scion,36,1.4304699630153423,69.27,12.26637578010559,508.1404638290405
vit,scion,37,1.4157411833198703,69.47,12.073576927185059,520.2140407562256
vit,scion,38,1.4153914159658003,71.14,11.845559358596802,532.0596001148224
vit,scion,39,1.3963985418786808,70.61,12.744279861450195,544.8038799762726
vit,scion,40,1.3908469968912553,71.58,17.1658673286438,561.9697473049164
vit,scion,41,1.3826936288755767,72.02,16.77912425994873,578.7488715648651
vit,scion,42,1.3732642446245467,72.37,13.8160240650177,592.5648956298828
vit,scion,43,1.3672906038712482,73.22,13.640974998474121,606.2058706283569
vit,scion,44,1.3643367485124238,72.91,15.584989547729492,621.7908601760864
vit,scion,45,1.3476017737875179,73.24,14.620855569839478,636.4117157459259
vit,scion,46,1.343356932912554,74.41,20.0177481174469,656.4294638633728
vit,scion,47,1.3371130130728897,74.04,12.560992002487183,668.99045586586
vit,scion,48,1.3283929824829102,74.33,15.221847295761108,684.2123031616211
vit,scion,49,1.3182657227224233,75.07,17.07404398918152,701.2863471508026
vit,scion,50,1.3159415478609047,75.29,14.181472778320312,715.4678199291229
vit,scion,51,1.2997715643474035,74.84,13.417302131652832,728.8851220607758
vit,scion,52,1.299395785039785,75.24,13.205955743789673,742.0910778045654
vit,scion,53,1.2923670788200534,75.8,15.338774919509888,757.4298527240753
vit,scion,54,1.286923571508758,76.31,14.187240600585938,771.6170933246613
vit,scion,55,1.2794786302410825,76.19,13.139737844467163,784.7568311691284
vit,scion,56,1.2765861676663768,76.71,15.519752502441406,800.2765836715698
vit,scion,57,1.2727047861838827,76.63,13.802530527114868,814.0791141986847
vit,scion,58,1.2599282507993737,76.39,13.550771236419678,827.6298854351044
vit,scion,59,1.2652376087344424,76.65,14.355454683303833,841.9853401184082
vit,scion,60,1.2522675626131954,77.21,13.526839017868042,855.5121791362762
vit,scion,61,1.2483063741606109,77.1,16.640854597091675,872.1530337333679
vit,scion,62,1.2489322715876054,77.33,13.248048543930054,885.401082277298
vit,scion,63,1.2391491057921429,77.56,13.545983076095581,898.9470653533936
vit,scion,64,1.232181799655058,77.87,12.913414239883423,911.860479593277
vit,scion,65,1.237585919243949,78.01,13.078380346298218,924.9388599395752
vit,scion,66,1.2310145801427412,78.03,14.764219999313354,939.7030799388885
vit,scion,67,1.228121506924532,77.84,14.856776237487793,954.5598561763763
vit,scion,68,1.2276633685948897,78.24,14.831710577011108,969.3915667533875
vit,scion,69,1.2209587778363908,78.18,13.780724048614502,983.172290802002
vit,scion,70,1.2160320744222524,78.44,14.191118001937866,997.3634088039398
vit,scion,71,1.2198318170041453,78.52,13.067133903503418,1010.4305427074432
vit,scion,72,1.2182514375569868,78.53,13.738971471786499,1024.1695141792297
vit,scion,73,1.2110365215612917,78.48,12.696496963500977,1036.8660111427307
vit,scion,74,1.2139851949652847,78.68,14.011359930038452,1050.8773710727692
vit,scion,75,1.2141511537590806,78.52,14.736399173736572,1065.6137702465057
vit,scion,76,1.2115476763978297,78.35,12.739378452301025,1078.3531486988068
vit,scion,77,1.2117229481132663,78.47,15.137861728668213,1093.491010427475
vit,scion,78,1.2068107152471736,78.54,13.138346195220947,1106.629356622696
vit,scion,79,1.2093916012316335,78.47,13.991842031478882,1120.6211986541748
vit,scion,80,1.208320564153243,78.48,12.476982355117798,1133.0981810092926
